{"cameraMode":{"drawMode":0,"name":"Shaded","section":"Shading Mode"},"sceneLighting":true,"audioPlay":false,"sceneViewState":{"showFog":true,"showMaterialUpdate":false,"showSkybox":true,"showFlares":true,"showImageEffects":true,"showParticleSystems":true},"in2DMode":false,"pivot":{"x":0.0425071120262146,"y":1.274620532989502,"z":0.6916983127593994},"rotation":{"x":0.30841755867004397,"y":0.03992891684174538,"z":-0.012974854558706284,"w":0.9503441452980042},"size":6.830526828765869,"orthographic":false}