{"cameraMode":{"drawMode":0,"name":"Shaded","section":"Shading Mode"},"sceneLighting":true,"audioPlay":false,"sceneViewState":{"showFog":true,"showMaterialUpdate":false,"showSkybox":true,"showFlares":true,"showImageEffects":true,"showParticleSystems":true},"in2DMode":false,"pivot":{"x":-0.6281572580337524,"y":3.3413305282592775,"z":-6.744443893432617},"rotation":{"x":-0.19695644080638886,"y":-0.024409528821706773,"z":0.004932974930852652,"w":-0.9801299571990967},"size":8.45584487915039,"orthographic":false}