{"cameraMode":{"drawMode":0,"name":"Shaded","section":"Shading Mode"},"sceneLighting":false,"audioPlay":false,"sceneViewState":{"showFog":true,"showMaterialUpdate":false,"showSkybox":false,"showFlares":true,"showImageEffects":true,"showParticleSystems":true},"in2DMode":false,"pivot":{"x":-0.09507845342159271,"y":0.75970059633255,"z":0.24709875881671906},"rotation":{"x":-0.09028071165084839,"y":0.736247718334198,"z":-0.10023359209299088,"w":-0.6631346940994263},"size":1.1660256385803223,"orthographic":false}