{"cameraMode":{"drawMode":0,"name":"Shaded","section":"Shading Mode"},"sceneLighting":true,"audioPlay":false,"sceneViewState":{"showFog":true,"showMaterialUpdate":false,"showSkybox":true,"showFlares":true,"showImageEffects":true,"showParticleSystems":true},"in2DMode":false,"pivot":{"x":-1.4522511959075928,"y":0.4754020869731903,"z":-3.8132128715515138},"rotation":{"x":0.1320808231830597,"y":0.04784217104315758,"z":-0.006364923901855946,"w":0.9901517629623413},"size":5.600029468536377,"orthographic":true}