{"cameraMode":{"drawMode":0,"name":"Shaded","section":"Shading Mode"},"sceneLighting":true,"audioPlay":false,"sceneViewState":{"showFog":true,"showMaterialUpdate":false,"showSkybox":true,"showFlares":true,"showImageEffects":true,"showParticleSystems":true},"in2DMode":false,"pivot":{"x":1.4385040998458863,"y":4.505555152893066,"z":2.2108845710754396},"rotation":{"x":0.15713003277778626,"y":-0.019263554364442827,"z":0.003041688585653901,"w":0.9874135255813599},"size":11.142486572265625,"orthographic":false}